sample_name,particle_idx,hand_gold_diameter_nm,hand_capsid_diameter_nm,scientist,measure_date,source_file,notes
VLP17_v2_initial,1,17.0,36.0,Lily,2026-05-01,results/vlp17/VLP_17_hand_measurements.csv,"Aggregate VLP17 hand measurements (paired gold+capsid, ImageJ). Length in µm in source."
VLP17_v2_initial,2,20.0,45.0,Lily,2026-05-01,results/vlp17/VLP_17_hand_measurements.csv,"Aggregate VLP17 hand measurements (paired gold+capsid, ImageJ). Length in µm in source."
VLP17_v2_initial,3,21.0,34.0,Lily,2026-05-01,results/vlp17/VLP_17_hand_measurements.csv,"Aggregate VLP17 hand measurements (paired gold+capsid, ImageJ). Length in µm in source."
VLP17_v2_initial,4,22.0,40.0,Lily,2026-05-01,results/vlp17/VLP_17_hand_measurements.csv,"Aggregate VLP17 hand measurements (paired gold+capsid, ImageJ). Length in µm in source."
VLP17_v2_initial,5,15.0,36.0,Lily,2026-05-01,results/vlp17/VLP_17_hand_measurements.csv,"Aggregate VLP17 hand measurements (paired gold+capsid, ImageJ). Length in µm in source."
VLP17_v2_initial,6,21.0,37.0,Lily,2026-05-01,results/vlp17/VLP_17_hand_measurements.csv,"Aggregate VLP17 hand measurements (paired gold+capsid, ImageJ). Length in µm in source."
VLP17_v2_initial,7,16.0,41.0,Lily,2026-05-01,results/vlp17/VLP_17_hand_measurements.csv,"Aggregate VLP17 hand measurements (paired gold+capsid, ImageJ). Length in µm in source."
VLP17_v2_initial,8,13.0,34.0,Lily,2026-05-01,results/vlp17/VLP_17_hand_measurements.csv,"Aggregate VLP17 hand measurements (paired gold+capsid, ImageJ). Length in µm in source."
VLP17_v2_initial,9,20.0,39.0,Lily,2026-05-01,results/vlp17/VLP_17_hand_measurements.csv,"Aggregate VLP17 hand measurements (paired gold+capsid, ImageJ). Length in µm in source."
VLP17_v2_initial,10,21.0,43.0,Lily,2026-05-01,results/vlp17/VLP_17_hand_measurements.csv,"Aggregate VLP17 hand measurements (paired gold+capsid, ImageJ). Length in µm in source."
VLP17_v2_initial,11,13.0,37.0,Lily,2026-05-01,results/vlp17/VLP_17_hand_measurements.csv,"Aggregate VLP17 hand measurements (paired gold+capsid, ImageJ). Length in µm in source."
VLP17_v2_initial,12,17.0,37.0,Lily,2026-05-01,results/vlp17/VLP_17_hand_measurements.csv,"Aggregate VLP17 hand measurements (paired gold+capsid, ImageJ). Length in µm in source."
VLP17_v2_initial,13,21.0,35.0,Lily,2026-05-01,results/vlp17/VLP_17_hand_measurements.csv,"Aggregate VLP17 hand measurements (paired gold+capsid, ImageJ). Length in µm in source."
VLP17_v2_initial,14,22.0,36.0,Lily,2026-05-01,results/vlp17/VLP_17_hand_measurements.csv,"Aggregate VLP17 hand measurements (paired gold+capsid, ImageJ). Length in µm in source."
VLP17_v2_initial,15,21.0,40.0,Lily,2026-05-01,results/vlp17/VLP_17_hand_measurements.csv,"Aggregate VLP17 hand measurements (paired gold+capsid, ImageJ). Length in µm in source."
VLP17_v2_initial,16,20.0,36.0,Lily,2026-05-01,results/vlp17/VLP_17_hand_measurements.csv,"Aggregate VLP17 hand measurements (paired gold+capsid, ImageJ). Length in µm in source."
VLP17_v2_initial,17,19.0,39.0,Lily,2026-05-01,results/vlp17/VLP_17_hand_measurements.csv,"Aggregate VLP17 hand measurements (paired gold+capsid, ImageJ). Length in µm in source."
VLP17_v2_initial,18,18.0,41.0,Lily,2026-05-01,results/vlp17/VLP_17_hand_measurements.csv,"Aggregate VLP17 hand measurements (paired gold+capsid, ImageJ). Length in µm in source."
VLP17_v2_initial,19,18.0,39.0,Lily,2026-05-01,results/vlp17/VLP_17_hand_measurements.csv,"Aggregate VLP17 hand measurements (paired gold+capsid, ImageJ). Length in µm in source."
VLP17_v2_initial,20,18.0,37.0,Lily,2026-05-01,results/vlp17/VLP_17_hand_measurements.csv,"Aggregate VLP17 hand measurements (paired gold+capsid, ImageJ). Length in µm in source."
VLP17_v2_initial,21,17.0,38.0,Lily,2026-05-01,results/vlp17/VLP_17_hand_measurements.csv,"Aggregate VLP17 hand measurements (paired gold+capsid, ImageJ). Length in µm in source."
VLP17_v2_initial,22,19.0,39.0,Lily,2026-05-01,results/vlp17/VLP_17_hand_measurements.csv,"Aggregate VLP17 hand measurements (paired gold+capsid, ImageJ). Length in µm in source."
VLP17_v2_initial,23,18.0,37.0,Lily,2026-05-01,results/vlp17/VLP_17_hand_measurements.csv,"Aggregate VLP17 hand measurements (paired gold+capsid, ImageJ). Length in µm in source."
VLP17_v2_initial,24,17.0,37.0,Lily,2026-05-01,results/vlp17/VLP_17_hand_measurements.csv,"Aggregate VLP17 hand measurements (paired gold+capsid, ImageJ). Length in µm in source."
VLP17_v2_initial,25,16.0,35.0,Lily,2026-05-01,results/vlp17/VLP_17_hand_measurements.csv,"Aggregate VLP17 hand measurements (paired gold+capsid, ImageJ). Length in µm in source."
VLP17_v2_initial,26,20.0,37.0,Lily,2026-05-01,results/vlp17/VLP_17_hand_measurements.csv,"Aggregate VLP17 hand measurements (paired gold+capsid, ImageJ). Length in µm in source."
VLP17_v2_initial,27,20.0,39.0,Lily,2026-05-01,results/vlp17/VLP_17_hand_measurements.csv,"Aggregate VLP17 hand measurements (paired gold+capsid, ImageJ). Length in µm in source."
VLP17_v2_initial,28,18.0,39.0,Lily,2026-05-01,results/vlp17/VLP_17_hand_measurements.csv,"Aggregate VLP17 hand measurements (paired gold+capsid, ImageJ). Length in µm in source."
VLP17_v2_initial,29,19.0,36.0,Lily,2026-05-01,results/vlp17/VLP_17_hand_measurements.csv,"Aggregate VLP17 hand measurements (paired gold+capsid, ImageJ). Length in µm in source."
VLP17_v2_initial,30,20.0,40.0,Lily,2026-05-01,results/vlp17/VLP_17_hand_measurements.csv,"Aggregate VLP17 hand measurements (paired gold+capsid, ImageJ). Length in µm in source."
VLP17_v2_initial,31,21.0,42.0,Lily,2026-05-01,results/vlp17/VLP_17_hand_measurements.csv,"Aggregate VLP17 hand measurements (paired gold+capsid, ImageJ). Length in µm in source."
VLP17_v2_initial,32,20.0,38.0,Lily,2026-05-01,results/vlp17/VLP_17_hand_measurements.csv,"Aggregate VLP17 hand measurements (paired gold+capsid, ImageJ). Length in µm in source."
VLP17_v2_initial,33,17.0,37.0,Lily,2026-05-01,results/vlp17/VLP_17_hand_measurements.csv,"Aggregate VLP17 hand measurements (paired gold+capsid, ImageJ). Length in µm in source."
VLP17_v2_initial,34,19.0,40.0,Lily,2026-05-01,results/vlp17/VLP_17_hand_measurements.csv,"Aggregate VLP17 hand measurements (paired gold+capsid, ImageJ). Length in µm in source."
VLP17_v2_initial,35,16.0,32.0,Lily,2026-05-01,results/vlp17/VLP_17_hand_measurements.csv,"Aggregate VLP17 hand measurements (paired gold+capsid, ImageJ). Length in µm in source."
VLP17_v2_initial,36,16.0,33.0,Lily,2026-05-01,results/vlp17/VLP_17_hand_measurements.csv,"Aggregate VLP17 hand measurements (paired gold+capsid, ImageJ). Length in µm in source."
VLP17_v2_initial,37,19.0,35.0,Lily,2026-05-01,results/vlp17/VLP_17_hand_measurements.csv,"Aggregate VLP17 hand measurements (paired gold+capsid, ImageJ). Length in µm in source."
VLP17_v2_initial,38,15.0,33.0,Lily,2026-05-01,results/vlp17/VLP_17_hand_measurements.csv,"Aggregate VLP17 hand measurements (paired gold+capsid, ImageJ). Length in µm in source."
VLP17_v2_initial,39,19.0,37.0,Lily,2026-05-01,results/vlp17/VLP_17_hand_measurements.csv,"Aggregate VLP17 hand measurements (paired gold+capsid, ImageJ). Length in µm in source."
VLP17_v2_initial,40,17.0,33.0,Lily,2026-05-01,results/vlp17/VLP_17_hand_measurements.csv,"Aggregate VLP17 hand measurements (paired gold+capsid, ImageJ). Length in µm in source."
VLP17_v2_initial,41,12.0,35.0,Lily,2026-05-01,results/vlp17/VLP_17_hand_measurements.csv,"Aggregate VLP17 hand measurements (paired gold+capsid, ImageJ). Length in µm in source."
VLP17_v2_initial,42,14.0,33.0,Lily,2026-05-01,results/vlp17/VLP_17_hand_measurements.csv,"Aggregate VLP17 hand measurements (paired gold+capsid, ImageJ). Length in µm in source."
VLP17_v2_initial,43,15.0,33.0,Lily,2026-05-01,results/vlp17/VLP_17_hand_measurements.csv,"Aggregate VLP17 hand measurements (paired gold+capsid, ImageJ). Length in µm in source."
VLP17_v2_initial,44,19.0,38.0,Lily,2026-05-01,results/vlp17/VLP_17_hand_measurements.csv,"Aggregate VLP17 hand measurements (paired gold+capsid, ImageJ). Length in µm in source."
VLP17_v2_initial,45,14.0,35.0,Lily,2026-05-01,results/vlp17/VLP_17_hand_measurements.csv,"Aggregate VLP17 hand measurements (paired gold+capsid, ImageJ). Length in µm in source."
VLP17_v2_initial,46,15.0,35.0,Lily,2026-05-01,results/vlp17/VLP_17_hand_measurements.csv,"Aggregate VLP17 hand measurements (paired gold+capsid, ImageJ). Length in µm in source."
VLP17_v2_initial,47,12.0,32.0,Lily,2026-05-01,results/vlp17/VLP_17_hand_measurements.csv,"Aggregate VLP17 hand measurements (paired gold+capsid, ImageJ). Length in µm in source."
VLP17_v2_initial,48,9.0,31.0,Lily,2026-05-01,results/vlp17/VLP_17_hand_measurements.csv,"Aggregate VLP17 hand measurements (paired gold+capsid, ImageJ). Length in µm in source."
VLP17_v2_initial,49,14.0,31.0,Lily,2026-05-01,results/vlp17/VLP_17_hand_measurements.csv,"Aggregate VLP17 hand measurements (paired gold+capsid, ImageJ). Length in µm in source."
VLP17_v2_initial,50,13.0,33.0,Lily,2026-05-01,results/vlp17/VLP_17_hand_measurements.csv,"Aggregate VLP17 hand measurements (paired gold+capsid, ImageJ). Length in µm in source."
VLP17_v2_initial,51,17.0,35.0,Lily,2026-05-01,results/vlp17/VLP_17_hand_measurements.csv,"Aggregate VLP17 hand measurements (paired gold+capsid, ImageJ). Length in µm in source."
VLP17_v2_initial,52,14.0,33.0,Lily,2026-05-01,results/vlp17/VLP_17_hand_measurements.csv,"Aggregate VLP17 hand measurements (paired gold+capsid, ImageJ). Length in µm in source."
VLP17_v2_initial,53,14.0,31.0,Lily,2026-05-01,results/vlp17/VLP_17_hand_measurements.csv,"Aggregate VLP17 hand measurements (paired gold+capsid, ImageJ). Length in µm in source."
VLP17_v2_initial,54,13.0,33.0,Lily,2026-05-01,results/vlp17/VLP_17_hand_measurements.csv,"Aggregate VLP17 hand measurements (paired gold+capsid, ImageJ). Length in µm in source."
VLP17_v2_initial,55,15.0,34.0,Lily,2026-05-01,results/vlp17/VLP_17_hand_measurements.csv,"Aggregate VLP17 hand measurements (paired gold+capsid, ImageJ). Length in µm in source."
VLP17_v2_initial,56,13.0,35.0,Lily,2026-05-01,results/vlp17/VLP_17_hand_measurements.csv,"Aggregate VLP17 hand measurements (paired gold+capsid, ImageJ). Length in µm in source."
VLP17_v2_initial,57,15.0,34.0,Lily,2026-05-01,results/vlp17/VLP_17_hand_measurements.csv,"Aggregate VLP17 hand measurements (paired gold+capsid, ImageJ). Length in µm in source."
VLP17_v2_initial,58,17.0,32.0,Lily,2026-05-01,results/vlp17/VLP_17_hand_measurements.csv,"Aggregate VLP17 hand measurements (paired gold+capsid, ImageJ). Length in µm in source."
VLP17_v2_initial,59,15.0,34.0,Lily,2026-05-01,results/vlp17/VLP_17_hand_measurements.csv,"Aggregate VLP17 hand measurements (paired gold+capsid, ImageJ). Length in µm in source."
VLP17_v2_initial,60,15.0,35.0,Lily,2026-05-01,results/vlp17/VLP_17_hand_measurements.csv,"Aggregate VLP17 hand measurements (paired gold+capsid, ImageJ). Length in µm in source."
VLP17_v2_initial,61,16.0,31.0,Lily,2026-05-01,results/vlp17/VLP_17_hand_measurements.csv,"Aggregate VLP17 hand measurements (paired gold+capsid, ImageJ). Length in µm in source."
VLP17_v2_initial,62,12.0,33.0,Lily,2026-05-01,results/vlp17/VLP_17_hand_measurements.csv,"Aggregate VLP17 hand measurements (paired gold+capsid, ImageJ). Length in µm in source."
VLP17_v2_initial,63,16.0,35.0,Lily,2026-05-01,results/vlp17/VLP_17_hand_measurements.csv,"Aggregate VLP17 hand measurements (paired gold+capsid, ImageJ). Length in µm in source."
VLP17_v2_initial,64,14.0,35.0,Lily,2026-05-01,results/vlp17/VLP_17_hand_measurements.csv,"Aggregate VLP17 hand measurements (paired gold+capsid, ImageJ). Length in µm in source."
VLP17_v2_initial,65,14.0,31.0,Lily,2026-05-01,results/vlp17/VLP_17_hand_measurements.csv,"Aggregate VLP17 hand measurements (paired gold+capsid, ImageJ). Length in µm in source."
VLP17_v2_initial,66,16.0,38.0,Lily,2026-05-01,results/vlp17/VLP_17_hand_measurements.csv,"Aggregate VLP17 hand measurements (paired gold+capsid, ImageJ). Length in µm in source."
VLP17_v2_initial,67,14.0,28.0,Lily,2026-05-01,results/vlp17/VLP_17_hand_measurements.csv,"Aggregate VLP17 hand measurements (paired gold+capsid, ImageJ). Length in µm in source."
VLP17_v2_initial,68,18.0,33.0,Lily,2026-05-01,results/vlp17/VLP_17_hand_measurements.csv,"Aggregate VLP17 hand measurements (paired gold+capsid, ImageJ). Length in µm in source."
VLP17_v2_initial,69,11.0,31.0,Lily,2026-05-01,results/vlp17/VLP_17_hand_measurements.csv,"Aggregate VLP17 hand measurements (paired gold+capsid, ImageJ). Length in µm in source."
VLP17_v2_initial,70,17.0,32.0,Lily,2026-05-01,results/vlp17/VLP_17_hand_measurements.csv,"Aggregate VLP17 hand measurements (paired gold+capsid, ImageJ). Length in µm in source."
VLP17_v2_initial,71,15.0,31.0,Lily,2026-05-01,results/vlp17/VLP_17_hand_measurements.csv,"Aggregate VLP17 hand measurements (paired gold+capsid, ImageJ). Length in µm in source."
VLP17_v2_initial,72,14.0,30.0,Lily,2026-05-01,results/vlp17/VLP_17_hand_measurements.csv,"Aggregate VLP17 hand measurements (paired gold+capsid, ImageJ). Length in µm in source."
VLP17_v2_initial,73,15.0,35.0,Lily,2026-05-01,results/vlp17/VLP_17_hand_measurements.csv,"Aggregate VLP17 hand measurements (paired gold+capsid, ImageJ). Length in µm in source."
VLP17_v2_initial,74,12.0,31.0,Lily,2026-05-01,results/vlp17/VLP_17_hand_measurements.csv,"Aggregate VLP17 hand measurements (paired gold+capsid, ImageJ). Length in µm in source."
VLP17_v2_initial,75,16.0,33.0,Lily,2026-05-01,results/vlp17/VLP_17_hand_measurements.csv,"Aggregate VLP17 hand measurements (paired gold+capsid, ImageJ). Length in µm in source."
VLP17_v2_initial,76,16.0,35.0,Lily,2026-05-01,results/vlp17/VLP_17_hand_measurements.csv,"Aggregate VLP17 hand measurements (paired gold+capsid, ImageJ). Length in µm in source."
VLP17_v2_initial,77,12.0,35.0,Lily,2026-05-01,results/vlp17/VLP_17_hand_measurements.csv,"Aggregate VLP17 hand measurements (paired gold+capsid, ImageJ). Length in µm in source."
VLP17_v2_initial,78,14.0,39.0,Lily,2026-05-01,results/vlp17/VLP_17_hand_measurements.csv,"Aggregate VLP17 hand measurements (paired gold+capsid, ImageJ). Length in µm in source."
VLP17_v2_initial,79,16.0,40.0,Lily,2026-05-01,results/vlp17/VLP_17_hand_measurements.csv,"Aggregate VLP17 hand measurements (paired gold+capsid, ImageJ). Length in µm in source."
VLP17_v2_initial,80,14.0,29.0,Lily,2026-05-01,results/vlp17/VLP_17_hand_measurements.csv,"Aggregate VLP17 hand measurements (paired gold+capsid, ImageJ). Length in µm in source."
VLP17_v2_initial,81,14.0,34.0,Lily,2026-05-01,results/vlp17/VLP_17_hand_measurements.csv,"Aggregate VLP17 hand measurements (paired gold+capsid, ImageJ). Length in µm in source."
VLP17_v2_initial,82,18.0,33.0,Lily,2026-05-01,results/vlp17/VLP_17_hand_measurements.csv,"Aggregate VLP17 hand measurements (paired gold+capsid, ImageJ). Length in µm in source."
VLP17_v2_initial,83,14.0,31.0,Lily,2026-05-01,results/vlp17/VLP_17_hand_measurements.csv,"Aggregate VLP17 hand measurements (paired gold+capsid, ImageJ). Length in µm in source."
VLP17_v2_initial,84,10.0,31.0,Lily,2026-05-01,results/vlp17/VLP_17_hand_measurements.csv,"Aggregate VLP17 hand measurements (paired gold+capsid, ImageJ). Length in µm in source."
VLP17_v2_initial,85,14.0,29.0,Lily,2026-05-01,results/vlp17/VLP_17_hand_measurements.csv,"Aggregate VLP17 hand measurements (paired gold+capsid, ImageJ). Length in µm in source."
VLP17_v2_initial,86,15.0,33.0,Lily,2026-05-01,results/vlp17/VLP_17_hand_measurements.csv,"Aggregate VLP17 hand measurements (paired gold+capsid, ImageJ). Length in µm in source."
VLP17_v2_initial,87,14.0,34.0,Lily,2026-05-01,results/vlp17/VLP_17_hand_measurements.csv,"Aggregate VLP17 hand measurements (paired gold+capsid, ImageJ). Length in µm in source."
VLP17_v2_initial,88,12.0,32.0,Lily,2026-05-01,results/vlp17/VLP_17_hand_measurements.csv,"Aggregate VLP17 hand measurements (paired gold+capsid, ImageJ). Length in µm in source."
VLP17_v2_initial,89,15.0,34.0,Lily,2026-05-01,results/vlp17/VLP_17_hand_measurements.csv,"Aggregate VLP17 hand measurements (paired gold+capsid, ImageJ). Length in µm in source."
VLP17_v2_initial,90,10.0,33.0,Lily,2026-05-01,results/vlp17/VLP_17_hand_measurements.csv,"Aggregate VLP17 hand measurements (paired gold+capsid, ImageJ). Length in µm in source."
VLP17_v2_initial,91,16.0,31.0,Lily,2026-05-01,results/vlp17/VLP_17_hand_measurements.csv,"Aggregate VLP17 hand measurements (paired gold+capsid, ImageJ). Length in µm in source."
VLP17_v2_initial,92,14.0,35.0,Lily,2026-05-01,results/vlp17/VLP_17_hand_measurements.csv,"Aggregate VLP17 hand measurements (paired gold+capsid, ImageJ). Length in µm in source."
VLP17_v2_initial,93,20.0,38.0,Lily,2026-05-01,results/vlp17/VLP_17_hand_measurements.csv,"Aggregate VLP17 hand measurements (paired gold+capsid, ImageJ). Length in µm in source."
VLP17_v2_initial,94,17.0,33.0,Lily,2026-05-01,results/vlp17/VLP_17_hand_measurements.csv,"Aggregate VLP17 hand measurements (paired gold+capsid, ImageJ). Length in µm in source."
VLP17_v2_initial,95,13.0,37.0,Lily,2026-05-01,results/vlp17/VLP_17_hand_measurements.csv,"Aggregate VLP17 hand measurements (paired gold+capsid, ImageJ). Length in µm in source."
VLP17_v2_initial,96,12.0,29.0,Lily,2026-05-01,results/vlp17/VLP_17_hand_measurements.csv,"Aggregate VLP17 hand measurements (paired gold+capsid, ImageJ). Length in µm in source."
VLP17_v2_initial,97,13.0,36.0,Lily,2026-05-01,results/vlp17/VLP_17_hand_measurements.csv,"Aggregate VLP17 hand measurements (paired gold+capsid, ImageJ). Length in µm in source."
VLP17_v2_initial,98,18.0,37.0,Lily,2026-05-01,results/vlp17/VLP_17_hand_measurements.csv,"Aggregate VLP17 hand measurements (paired gold+capsid, ImageJ). Length in µm in source."
VLP17_v2_initial,99,17.0,32.0,Lily,2026-05-01,results/vlp17/VLP_17_hand_measurements.csv,"Aggregate VLP17 hand measurements (paired gold+capsid, ImageJ). Length in µm in source."
VLP17_v2_initial,100,19.0,35.0,Lily,2026-05-01,results/vlp17/VLP_17_hand_measurements.csv,"Aggregate VLP17 hand measurements (paired gold+capsid, ImageJ). Length in µm in source."
VLP17_v2_initial,101,13.0,29.0,Lily,2026-05-01,results/vlp17/VLP_17_hand_measurements.csv,"Aggregate VLP17 hand measurements (paired gold+capsid, ImageJ). Length in µm in source."
VLP17_v2_initial,102,16.0,32.0,Lily,2026-05-01,results/vlp17/VLP_17_hand_measurements.csv,"Aggregate VLP17 hand measurements (paired gold+capsid, ImageJ). Length in µm in source."
VLP17_v2_initial,103,17.0,36.0,Lily,2026-05-01,results/vlp17/VLP_17_hand_measurements.csv,"Aggregate VLP17 hand measurements (paired gold+capsid, ImageJ). Length in µm in source."
VLP17_v2_initial,104,16.0,33.0,Lily,2026-05-01,results/vlp17/VLP_17_hand_measurements.csv,"Aggregate VLP17 hand measurements (paired gold+capsid, ImageJ). Length in µm in source."
VLP17_v2_initial,105,16.0,32.0,Lily,2026-05-01,results/vlp17/VLP_17_hand_measurements.csv,"Aggregate VLP17 hand measurements (paired gold+capsid, ImageJ). Length in µm in source."
VLP17_v2_initial,106,13.0,33.0,Lily,2026-05-01,results/vlp17/VLP_17_hand_measurements.csv,"Aggregate VLP17 hand measurements (paired gold+capsid, ImageJ). Length in µm in source."
VLP17_v2_initial,107,15.0,32.0,Lily,2026-05-01,results/vlp17/VLP_17_hand_measurements.csv,"Aggregate VLP17 hand measurements (paired gold+capsid, ImageJ). Length in µm in source."
VLP17_v2_initial,108,16.0,32.0,Lily,2026-05-01,results/vlp17/VLP_17_hand_measurements.csv,"Aggregate VLP17 hand measurements (paired gold+capsid, ImageJ). Length in µm in source."
VLP17_v2_initial,109,14.0,30.0,Lily,2026-05-01,results/vlp17/VLP_17_hand_measurements.csv,"Aggregate VLP17 hand measurements (paired gold+capsid, ImageJ). Length in µm in source."
VLP17_v2_initial,110,17.0,29.0,Lily,2026-05-01,results/vlp17/VLP_17_hand_measurements.csv,"Aggregate VLP17 hand measurements (paired gold+capsid, ImageJ). Length in µm in source."
VLP17_v2_initial,111,14.0,32.0,Lily,2026-05-01,results/vlp17/VLP_17_hand_measurements.csv,"Aggregate VLP17 hand measurements (paired gold+capsid, ImageJ). Length in µm in source."
VLP17_v2_initial,112,17.0,35.0,Lily,2026-05-01,results/vlp17/VLP_17_hand_measurements.csv,"Aggregate VLP17 hand measurements (paired gold+capsid, ImageJ). Length in µm in source."
VLP17_v2_initial,113,11.0,33.0,Lily,2026-05-01,results/vlp17/VLP_17_hand_measurements.csv,"Aggregate VLP17 hand measurements (paired gold+capsid, ImageJ). Length in µm in source."
VLP17_v2_initial,114,16.0,36.0,Lily,2026-05-01,results/vlp17/VLP_17_hand_measurements.csv,"Aggregate VLP17 hand measurements (paired gold+capsid, ImageJ). Length in µm in source."
VLP17_v2_initial,115,16.0,38.0,Lily,2026-05-01,results/vlp17/VLP_17_hand_measurements.csv,"Aggregate VLP17 hand measurements (paired gold+capsid, ImageJ). Length in µm in source."
VLP17_v2_initial,116,16.0,33.0,Lily,2026-05-01,results/vlp17/VLP_17_hand_measurements.csv,"Aggregate VLP17 hand measurements (paired gold+capsid, ImageJ). Length in µm in source."
VLP17_v2_initial,117,17.0,33.0,Lily,2026-05-01,results/vlp17/VLP_17_hand_measurements.csv,"Aggregate VLP17 hand measurements (paired gold+capsid, ImageJ). Length in µm in source."
VLP17_v2_initial,118,14.0,35.0,Lily,2026-05-01,results/vlp17/VLP_17_hand_measurements.csv,"Aggregate VLP17 hand measurements (paired gold+capsid, ImageJ). Length in µm in source."
VLP17_v2_initial,119,16.0,33.0,Lily,2026-05-01,results/vlp17/VLP_17_hand_measurements.csv,"Aggregate VLP17 hand measurements (paired gold+capsid, ImageJ). Length in µm in source."
VLP17_v2_initial,120,15.0,34.0,Lily,2026-05-01,results/vlp17/VLP_17_hand_measurements.csv,"Aggregate VLP17 hand measurements (paired gold+capsid, ImageJ). Length in µm in source."
VLP17_v2_initial,121,14.0,36.0,Lily,2026-05-01,results/vlp17/VLP_17_hand_measurements.csv,"Aggregate VLP17 hand measurements (paired gold+capsid, ImageJ). Length in µm in source."
VLP17_v2_initial,122,15.0,36.0,Lily,2026-05-01,results/vlp17/VLP_17_hand_measurements.csv,"Aggregate VLP17 hand measurements (paired gold+capsid, ImageJ). Length in µm in source."
VLP17_v2_initial,123,11.0,33.0,Lily,2026-05-01,results/vlp17/VLP_17_hand_measurements.csv,"Aggregate VLP17 hand measurements (paired gold+capsid, ImageJ). Length in µm in source."
VLP17_v2_initial,124,15.0,35.0,Lily,2026-05-01,results/vlp17/VLP_17_hand_measurements.csv,"Aggregate VLP17 hand measurements (paired gold+capsid, ImageJ). Length in µm in source."
VLP17_v2_initial,125,16.0,34.0,Lily,2026-05-01,results/vlp17/VLP_17_hand_measurements.csv,"Aggregate VLP17 hand measurements (paired gold+capsid, ImageJ). Length in µm in source."
VLP17_v2_initial,126,15.0,31.0,Lily,2026-05-01,results/vlp17/VLP_17_hand_measurements.csv,"Aggregate VLP17 hand measurements (paired gold+capsid, ImageJ). Length in µm in source."
VLP17_v2_initial,127,17.0,35.0,Lily,2026-05-01,results/vlp17/VLP_17_hand_measurements.csv,"Aggregate VLP17 hand measurements (paired gold+capsid, ImageJ). Length in µm in source."
VLP17_v2_initial,128,19.0,33.0,Lily,2026-05-01,results/vlp17/VLP_17_hand_measurements.csv,"Aggregate VLP17 hand measurements (paired gold+capsid, ImageJ). Length in µm in source."
VLP17_v2_initial,129,13.0,31.0,Lily,2026-05-01,results/vlp17/VLP_17_hand_measurements.csv,"Aggregate VLP17 hand measurements (paired gold+capsid, ImageJ). Length in µm in source."
VLP17_v2_initial,130,13.0,30.0,Lily,2026-05-01,results/vlp17/VLP_17_hand_measurements.csv,"Aggregate VLP17 hand measurements (paired gold+capsid, ImageJ). Length in µm in source."
VLP17_v2_initial,131,16.0,37.0,Lily,2026-05-01,results/vlp17/VLP_17_hand_measurements.csv,"Aggregate VLP17 hand measurements (paired gold+capsid, ImageJ). Length in µm in source."
VLP17_v2_initial,132,14.0,34.0,Lily,2026-05-01,results/vlp17/VLP_17_hand_measurements.csv,"Aggregate VLP17 hand measurements (paired gold+capsid, ImageJ). Length in µm in source."
VLP17_v2_initial,133,16.0,33.0,Lily,2026-05-01,results/vlp17/VLP_17_hand_measurements.csv,"Aggregate VLP17 hand measurements (paired gold+capsid, ImageJ). Length in µm in source."
VLP17_v2_initial,134,14.0,38.0,Lily,2026-05-01,results/vlp17/VLP_17_hand_measurements.csv,"Aggregate VLP17 hand measurements (paired gold+capsid, ImageJ). Length in µm in source."
VLP17_v2_initial,135,13.0,32.0,Lily,2026-05-01,results/vlp17/VLP_17_hand_measurements.csv,"Aggregate VLP17 hand measurements (paired gold+capsid, ImageJ). Length in µm in source."
VLP17_v2_initial,136,15.0,29.0,Lily,2026-05-01,results/vlp17/VLP_17_hand_measurements.csv,"Aggregate VLP17 hand measurements (paired gold+capsid, ImageJ). Length in µm in source."
VLP17_v2_initial,137,14.0,33.0,Lily,2026-05-01,results/vlp17/VLP_17_hand_measurements.csv,"Aggregate VLP17 hand measurements (paired gold+capsid, ImageJ). Length in µm in source."
VLP17_v2_initial,138,17.0,33.0,Lily,2026-05-01,results/vlp17/VLP_17_hand_measurements.csv,"Aggregate VLP17 hand measurements (paired gold+capsid, ImageJ). Length in µm in source."
VLP17_v2_initial,139,13.0,31.0,Lily,2026-05-01,results/vlp17/VLP_17_hand_measurements.csv,"Aggregate VLP17 hand measurements (paired gold+capsid, ImageJ). Length in µm in source."
VLP17_v2_initial,140,16.0,32.0,Lily,2026-05-01,results/vlp17/VLP_17_hand_measurements.csv,"Aggregate VLP17 hand measurements (paired gold+capsid, ImageJ). Length in µm in source."
VLP17_v2_initial,141,16.0,39.0,Lily,2026-05-01,results/vlp17/VLP_17_hand_measurements.csv,"Aggregate VLP17 hand measurements (paired gold+capsid, ImageJ). Length in µm in source."
VLP17_v2_initial,142,17.0,35.0,Lily,2026-05-01,results/vlp17/VLP_17_hand_measurements.csv,"Aggregate VLP17 hand measurements (paired gold+capsid, ImageJ). Length in µm in source."
VLP17_v2_initial,143,15.0,31.0,Lily,2026-05-01,results/vlp17/VLP_17_hand_measurements.csv,"Aggregate VLP17 hand measurements (paired gold+capsid, ImageJ). Length in µm in source."
VLP17_v2_initial,144,13.0,34.0,Lily,2026-05-01,results/vlp17/VLP_17_hand_measurements.csv,"Aggregate VLP17 hand measurements (paired gold+capsid, ImageJ). Length in µm in source."
VLP17_v2_initial,145,14.0,29.0,Lily,2026-05-01,results/vlp17/VLP_17_hand_measurements.csv,"Aggregate VLP17 hand measurements (paired gold+capsid, ImageJ). Length in µm in source."
VLP17_v2_initial,146,16.0,37.0,Lily,2026-05-01,results/vlp17/VLP_17_hand_measurements.csv,"Aggregate VLP17 hand measurements (paired gold+capsid, ImageJ). Length in µm in source."
VLP17_v2_initial,147,16.0,38.0,Lily,2026-05-01,results/vlp17/VLP_17_hand_measurements.csv,"Aggregate VLP17 hand measurements (paired gold+capsid, ImageJ). Length in µm in source."
VLP17_v2_initial,148,13.0,33.0,Lily,2026-05-01,results/vlp17/VLP_17_hand_measurements.csv,"Aggregate VLP17 hand measurements (paired gold+capsid, ImageJ). Length in µm in source."
VLP17_v2_initial,149,14.0,33.0,Lily,2026-05-01,results/vlp17/VLP_17_hand_measurements.csv,"Aggregate VLP17 hand measurements (paired gold+capsid, ImageJ). Length in µm in source."
VLP17_v2_initial,150,17.0,40.0,Lily,2026-05-01,results/vlp17/VLP_17_hand_measurements.csv,"Aggregate VLP17 hand measurements (paired gold+capsid, ImageJ). Length in µm in source."
VLP17_v2_initial,151,14.0,33.0,Lily,2026-05-01,results/vlp17/VLP_17_hand_measurements.csv,"Aggregate VLP17 hand measurements (paired gold+capsid, ImageJ). Length in µm in source."
VLP17_v2_initial,152,17.0,36.0,Lily,2026-05-01,results/vlp17/VLP_17_hand_measurements.csv,"Aggregate VLP17 hand measurements (paired gold+capsid, ImageJ). Length in µm in source."
VLP17_v2_initial,153,12.0,32.0,Lily,2026-05-01,results/vlp17/VLP_17_hand_measurements.csv,"Aggregate VLP17 hand measurements (paired gold+capsid, ImageJ). Length in µm in source."
VLP17_v2_initial,154,13.0,31.0,Lily,2026-05-01,results/vlp17/VLP_17_hand_measurements.csv,"Aggregate VLP17 hand measurements (paired gold+capsid, ImageJ). Length in µm in source."
VLP17_v2_initial,155,16.0,33.0,Lily,2026-05-01,results/vlp17/VLP_17_hand_measurements.csv,"Aggregate VLP17 hand measurements (paired gold+capsid, ImageJ). Length in µm in source."
VLP17_v2_initial,156,9.0,30.0,Lily,2026-05-01,results/vlp17/VLP_17_hand_measurements.csv,"Aggregate VLP17 hand measurements (paired gold+capsid, ImageJ). Length in µm in source."
VLP17_v2_initial,157,17.0,35.0,Lily,2026-05-01,results/vlp17/VLP_17_hand_measurements.csv,"Aggregate VLP17 hand measurements (paired gold+capsid, ImageJ). Length in µm in source."
VLP17_v2_initial,158,16.0,33.0,Lily,2026-05-01,results/vlp17/VLP_17_hand_measurements.csv,"Aggregate VLP17 hand measurements (paired gold+capsid, ImageJ). Length in µm in source."
VLP17_v2_initial,159,20.0,37.0,Lily,2026-05-01,results/vlp17/VLP_17_hand_measurements.csv,"Aggregate VLP17 hand measurements (paired gold+capsid, ImageJ). Length in µm in source."
VLP17_v2_initial,160,17.0,35.0,Lily,2026-05-01,results/vlp17/VLP_17_hand_measurements.csv,"Aggregate VLP17 hand measurements (paired gold+capsid, ImageJ). Length in µm in source."
VLP17_v2_initial,161,13.0,33.0,Lily,2026-05-01,results/vlp17/VLP_17_hand_measurements.csv,"Aggregate VLP17 hand measurements (paired gold+capsid, ImageJ). Length in µm in source."
VLP17_v2_initial,162,16.0,34.0,Lily,2026-05-01,results/vlp17/VLP_17_hand_measurements.csv,"Aggregate VLP17 hand measurements (paired gold+capsid, ImageJ). Length in µm in source."
VLP17_v2_initial,163,16.0,36.0,Lily,2026-05-01,results/vlp17/VLP_17_hand_measurements.csv,"Aggregate VLP17 hand measurements (paired gold+capsid, ImageJ). Length in µm in source."
VLP17_v2_initial,164,14.0,33.0,Lily,2026-05-01,results/vlp17/VLP_17_hand_measurements.csv,"Aggregate VLP17 hand measurements (paired gold+capsid, ImageJ). Length in µm in source."
VLP17_v2_initial,165,14.0,31.0,Lily,2026-05-01,results/vlp17/VLP_17_hand_measurements.csv,"Aggregate VLP17 hand measurements (paired gold+capsid, ImageJ). Length in µm in source."
VLP17_v2_initial,166,17.0,33.0,Lily,2026-05-01,results/vlp17/VLP_17_hand_measurements.csv,"Aggregate VLP17 hand measurements (paired gold+capsid, ImageJ). Length in µm in source."
VLP17_v2_initial,167,16.0,36.0,Lily,2026-05-01,results/vlp17/VLP_17_hand_measurements.csv,"Aggregate VLP17 hand measurements (paired gold+capsid, ImageJ). Length in µm in source."
VLP17_v2_initial,168,15.0,32.0,Lily,2026-05-01,results/vlp17/VLP_17_hand_measurements.csv,"Aggregate VLP17 hand measurements (paired gold+capsid, ImageJ). Length in µm in source."
VLP17_v2_initial,169,14.0,35.0,Lily,2026-05-01,results/vlp17/VLP_17_hand_measurements.csv,"Aggregate VLP17 hand measurements (paired gold+capsid, ImageJ). Length in µm in source."
VLP17_v2_initial,170,17.0,40.0,Lily,2026-05-01,results/vlp17/VLP_17_hand_measurements.csv,"Aggregate VLP17 hand measurements (paired gold+capsid, ImageJ). Length in µm in source."
VLP17_v2_initial,171,14.0,32.0,Lily,2026-05-01,results/vlp17/VLP_17_hand_measurements.csv,"Aggregate VLP17 hand measurements (paired gold+capsid, ImageJ). Length in µm in source."
VLP17_v2_initial,172,16.0,33.0,Lily,2026-05-01,results/vlp17/VLP_17_hand_measurements.csv,"Aggregate VLP17 hand measurements (paired gold+capsid, ImageJ). Length in µm in source."
VLP17_v2_initial,173,13.0,36.0,Lily,2026-05-01,results/vlp17/VLP_17_hand_measurements.csv,"Aggregate VLP17 hand measurements (paired gold+capsid, ImageJ). Length in µm in source."
VLP17_v2_initial,174,16.0,33.0,Lily,2026-05-01,results/vlp17/VLP_17_hand_measurements.csv,"Aggregate VLP17 hand measurements (paired gold+capsid, ImageJ). Length in µm in source."
VLP17_v2_initial,175,15.0,34.0,Lily,2026-05-01,results/vlp17/VLP_17_hand_measurements.csv,"Aggregate VLP17 hand measurements (paired gold+capsid, ImageJ). Length in µm in source."
VLP17_v2_initial,176,16.0,34.0,Lily,2026-05-01,results/vlp17/VLP_17_hand_measurements.csv,"Aggregate VLP17 hand measurements (paired gold+capsid, ImageJ). Length in µm in source."
VLP17_v2_initial,177,12.0,35.0,Lily,2026-05-01,results/vlp17/VLP_17_hand_measurements.csv,"Aggregate VLP17 hand measurements (paired gold+capsid, ImageJ). Length in µm in source."
VLP17_v2_initial,178,14.0,33.0,Lily,2026-05-01,results/vlp17/VLP_17_hand_measurements.csv,"Aggregate VLP17 hand measurements (paired gold+capsid, ImageJ). Length in µm in source."
VLP17_v2_initial,179,16.0,31.0,Lily,2026-05-01,results/vlp17/VLP_17_hand_measurements.csv,"Aggregate VLP17 hand measurements (paired gold+capsid, ImageJ). Length in µm in source."
VLP17_v2_initial,180,14.0,35.0,Lily,2026-05-01,results/vlp17/VLP_17_hand_measurements.csv,"Aggregate VLP17 hand measurements (paired gold+capsid, ImageJ). Length in µm in source."
VLP17_v2_initial,181,12.0,31.0,Lily,2026-05-01,results/vlp17/VLP_17_hand_measurements.csv,"Aggregate VLP17 hand measurements (paired gold+capsid, ImageJ). Length in µm in source."
VLP17_v2_initial,182,17.0,36.0,Lily,2026-05-01,results/vlp17/VLP_17_hand_measurements.csv,"Aggregate VLP17 hand measurements (paired gold+capsid, ImageJ). Length in µm in source."
VLP17_v2_initial,183,13.0,37.0,Lily,2026-05-01,results/vlp17/VLP_17_hand_measurements.csv,"Aggregate VLP17 hand measurements (paired gold+capsid, ImageJ). Length in µm in source."
VLP17_v2_initial,184,14.0,38.0,Lily,2026-05-01,results/vlp17/VLP_17_hand_measurements.csv,"Aggregate VLP17 hand measurements (paired gold+capsid, ImageJ). Length in µm in source."
VLP17_v2_initial,185,14.0,37.0,Lily,2026-05-01,results/vlp17/VLP_17_hand_measurements.csv,"Aggregate VLP17 hand measurements (paired gold+capsid, ImageJ). Length in µm in source."
VLP17_v2_initial,186,13.0,36.0,Lily,2026-05-01,results/vlp17/VLP_17_hand_measurements.csv,"Aggregate VLP17 hand measurements (paired gold+capsid, ImageJ). Length in µm in source."
VLP17_v2_initial,187,14.0,39.0,Lily,2026-05-01,results/vlp17/VLP_17_hand_measurements.csv,"Aggregate VLP17 hand measurements (paired gold+capsid, ImageJ). Length in µm in source."
VLP17_v2_initial,188,12.0,32.0,Lily,2026-05-01,results/vlp17/VLP_17_hand_measurements.csv,"Aggregate VLP17 hand measurements (paired gold+capsid, ImageJ). Length in µm in source."
VLP17_v2_initial,189,15.0,33.0,Lily,2026-05-01,results/vlp17/VLP_17_hand_measurements.csv,"Aggregate VLP17 hand measurements (paired gold+capsid, ImageJ). Length in µm in source."
VLP17_v2_initial,190,14.0,34.0,Lily,2026-05-01,results/vlp17/VLP_17_hand_measurements.csv,"Aggregate VLP17 hand measurements (paired gold+capsid, ImageJ). Length in µm in source."
VLP17_v2_initial,191,14.0,33.0,Lily,2026-05-01,results/vlp17/VLP_17_hand_measurements.csv,"Aggregate VLP17 hand measurements (paired gold+capsid, ImageJ). Length in µm in source."
VLP17_v2_initial,192,13.0,32.0,Lily,2026-05-01,results/vlp17/VLP_17_hand_measurements.csv,"Aggregate VLP17 hand measurements (paired gold+capsid, ImageJ). Length in µm in source."
VLP17_v2_initial,193,11.0,28.0,Lily,2026-05-01,results/vlp17/VLP_17_hand_measurements.csv,"Aggregate VLP17 hand measurements (paired gold+capsid, ImageJ). Length in µm in source."
VLP17_v2_initial,194,15.0,40.0,Lily,2026-05-01,results/vlp17/VLP_17_hand_measurements.csv,"Aggregate VLP17 hand measurements (paired gold+capsid, ImageJ). Length in µm in source."
VLP17_v2_initial,195,17.0,33.0,Lily,2026-05-01,results/vlp17/VLP_17_hand_measurements.csv,"Aggregate VLP17 hand measurements (paired gold+capsid, ImageJ). Length in µm in source."
VLP17_v2_initial,196,15.0,33.0,Lily,2026-05-01,results/vlp17/VLP_17_hand_measurements.csv,"Aggregate VLP17 hand measurements (paired gold+capsid, ImageJ). Length in µm in source."
VLP17_v2_initial,197,17.0,32.0,Lily,2026-05-01,results/vlp17/VLP_17_hand_measurements.csv,"Aggregate VLP17 hand measurements (paired gold+capsid, ImageJ). Length in µm in source."
VLP17_v2_initial,198,16.0,35.0,Lily,2026-05-01,results/vlp17/VLP_17_hand_measurements.csv,"Aggregate VLP17 hand measurements (paired gold+capsid, ImageJ). Length in µm in source."
VLP17_v2_initial,199,16.0,34.0,Lily,2026-05-01,results/vlp17/VLP_17_hand_measurements.csv,"Aggregate VLP17 hand measurements (paired gold+capsid, ImageJ). Length in µm in source."
VLP17_v2_initial,200,14.0,35.0,Lily,2026-05-01,results/vlp17/VLP_17_hand_measurements.csv,"Aggregate VLP17 hand measurements (paired gold+capsid, ImageJ). Length in µm in source."
VLP17_v2_initial,201,16.0,33.0,Lily,2026-05-01,results/vlp17/VLP_17_hand_measurements.csv,"Aggregate VLP17 hand measurements (paired gold+capsid, ImageJ). Length in µm in source."
VLP17_v2_initial,202,17.0,35.0,Lily,2026-05-01,results/vlp17/VLP_17_hand_measurements.csv,"Aggregate VLP17 hand measurements (paired gold+capsid, ImageJ). Length in µm in source."
VLP17_v2_initial,203,16.0,32.0,Lily,2026-05-01,results/vlp17/VLP_17_hand_measurements.csv,"Aggregate VLP17 hand measurements (paired gold+capsid, ImageJ). Length in µm in source."
VLP17_v2_initial,204,14.0,32.0,Lily,2026-05-01,results/vlp17/VLP_17_hand_measurements.csv,"Aggregate VLP17 hand measurements (paired gold+capsid, ImageJ). Length in µm in source."
VLP17_v2_initial,205,16.0,35.0,Lily,2026-05-01,results/vlp17/VLP_17_hand_measurements.csv,"Aggregate VLP17 hand measurements (paired gold+capsid, ImageJ). Length in µm in source."
VLP17_v2_initial,206,13.0,35.0,Lily,2026-05-01,results/vlp17/VLP_17_hand_measurements.csv,"Aggregate VLP17 hand measurements (paired gold+capsid, ImageJ). Length in µm in source."
VLP17_v2_initial,207,15.0,34.0,Lily,2026-05-01,results/vlp17/VLP_17_hand_measurements.csv,"Aggregate VLP17 hand measurements (paired gold+capsid, ImageJ). Length in µm in source."
VLP17_v2_initial,208,15.0,32.0,Lily,2026-05-01,results/vlp17/VLP_17_hand_measurements.csv,"Aggregate VLP17 hand measurements (paired gold+capsid, ImageJ). Length in µm in source."
VLP17_v2_initial,209,15.0,35.0,Lily,2026-05-01,results/vlp17/VLP_17_hand_measurements.csv,"Aggregate VLP17 hand measurements (paired gold+capsid, ImageJ). Length in µm in source."
VLP17_v2_initial,210,20.0,39.0,Lily,2026-05-01,results/vlp17/VLP_17_hand_measurements.csv,"Aggregate VLP17 hand measurements (paired gold+capsid, ImageJ). Length in µm in source."
VLP_100_v2_initial,1,13.388,29.977,Lily,2026-05-01,results/vlp100/VLP_100_hand_measurements.csv,"Aggregate VLP_100 hand measurements (paired gold+capsid, ImageJ). Length in nm in source."
VLP_100_v2_initial,2,12.689,27.667,Lily,2026-05-01,results/vlp100/VLP_100_hand_measurements.csv,"Aggregate VLP_100 hand measurements (paired gold+capsid, ImageJ). Length in nm in source."
VLP_100_v2_initial,3,11.206,28.638,Lily,2026-05-01,results/vlp100/VLP_100_hand_measurements.csv,"Aggregate VLP_100 hand measurements (paired gold+capsid, ImageJ). Length in nm in source."
VLP_100_v2_initial,4,13.73,27.461,Lily,2026-05-01,results/vlp100/VLP_100_hand_measurements.csv,"Aggregate VLP_100 hand measurements (paired gold+capsid, ImageJ). Length in nm in source."
VLP_100_v2_initial,5,11.687,31.922,Lily,2026-05-01,results/vlp100/VLP_100_hand_measurements.csv,"Aggregate VLP_100 hand measurements (paired gold+capsid, ImageJ). Length in nm in source."
VLP_100_v2_initial,6,12.317,29.032,Lily,2026-05-01,results/vlp100/VLP_100_hand_measurements.csv,"Aggregate VLP_100 hand measurements (paired gold+capsid, ImageJ). Length in nm in source."
VLP_100_v2_initial,7,11.687,28.215,Lily,2026-05-01,results/vlp100/VLP_100_hand_measurements.csv,"Aggregate VLP_100 hand measurements (paired gold+capsid, ImageJ). Length in nm in source."
VLP_100_v2_initial,8,11.745,29.121,Lily,2026-05-01,results/vlp100/VLP_100_hand_measurements.csv,"Aggregate VLP_100 hand measurements (paired gold+capsid, ImageJ). Length in nm in source."
VLP_100_v2_initial,9,11.282,29.02,Lily,2026-05-01,results/vlp100/VLP_100_hand_measurements.csv,"Aggregate VLP_100 hand measurements (paired gold+capsid, ImageJ). Length in nm in source."
VLP_100_v2_initial,10,11.862,31.042,Lily,2026-05-01,results/vlp100/VLP_100_hand_measurements.csv,"Aggregate VLP_100 hand measurements (paired gold+capsid, ImageJ). Length in nm in source."
VLP_100_v2_initial,11,12.331,28.349,Lily,2026-05-01,results/vlp100/VLP_100_hand_measurements.csv,"Aggregate VLP_100 hand measurements (paired gold+capsid, ImageJ). Length in nm in source."
VLP_100_v2_initial,12,11.389,27.121,Lily,2026-05-01,results/vlp100/VLP_100_hand_measurements.csv,"Aggregate VLP_100 hand measurements (paired gold+capsid, ImageJ). Length in nm in source."
VLP_100_v2_initial,13,8.336,29.683,Lily,2026-05-01,results/vlp100/VLP_100_hand_measurements.csv,"Aggregate VLP_100 hand measurements (paired gold+capsid, ImageJ). Length in nm in source."
VLP_100_v2_initial,14,13.805,28.602,Lily,2026-05-01,results/vlp100/VLP_100_hand_measurements.csv,"Aggregate VLP_100 hand measurements (paired gold+capsid, ImageJ). Length in nm in source."
VLP_100_v2_initial,15,11.067,29.38,Lily,2026-05-01,results/vlp100/VLP_100_hand_measurements.csv,"Aggregate VLP_100 hand measurements (paired gold+capsid, ImageJ). Length in nm in source."
VLP_100_v2_initial,16,12.957,32.893,Lily,2026-05-01,results/vlp100/VLP_100_hand_measurements.csv,"Aggregate VLP_100 hand measurements (paired gold+capsid, ImageJ). Length in nm in source."
VLP_100_v2_initial,17,10.492,32.019,Lily,2026-05-01,results/vlp100/VLP_100_hand_measurements.csv,"Aggregate VLP_100 hand measurements (paired gold+capsid, ImageJ). Length in nm in source."
VLP_100_v2_initial,18,11.731,28.979,Lily,2026-05-01,results/vlp100/VLP_100_hand_measurements.csv,"Aggregate VLP_100 hand measurements (paired gold+capsid, ImageJ). Length in nm in source."
VLP_100_v2_initial,19,11.804,32.276,Lily,2026-05-01,results/vlp100/VLP_100_hand_measurements.csv,"Aggregate VLP_100 hand measurements (paired gold+capsid, ImageJ). Length in nm in source."
VLP_100_v2_initial,20,11.731,31.439,Lily,2026-05-01,results/vlp100/VLP_100_hand_measurements.csv,"Aggregate VLP_100 hand measurements (paired gold+capsid, ImageJ). Length in nm in source."
VLP_100_v2_initial,21,12.429,30.068,Lily,2026-05-01,results/vlp100/VLP_100_hand_measurements.csv,"Aggregate VLP_100 hand measurements (paired gold+capsid, ImageJ). Length in nm in source."
VLP_100_v2_initial,22,10.767,31.57,Lily,2026-05-01,results/vlp100/VLP_100_hand_measurements.csv,"Aggregate VLP_100 hand measurements (paired gold+capsid, ImageJ). Length in nm in source."
VLP_100_v2_initial,23,12.092,29.327,Lily,2026-05-01,results/vlp100/VLP_100_hand_measurements.csv,"Aggregate VLP_100 hand measurements (paired gold+capsid, ImageJ). Length in nm in source."
VLP_100_v2_initial,24,11.568,30.194,Lily,2026-05-01,results/vlp100/VLP_100_hand_measurements.csv,"Aggregate VLP_100 hand measurements (paired gold+capsid, ImageJ). Length in nm in source."
VLP_100_v2_initial,25,13.49,30.506,Lily,2026-05-01,results/vlp100/VLP_100_hand_measurements.csv,"Aggregate VLP_100 hand measurements (paired gold+capsid, ImageJ). Length in nm in source."
VLP_100_v2_initial,26,11.731,31.678,Lily,2026-05-01,results/vlp100/VLP_100_hand_measurements.csv,"Aggregate VLP_100 hand measurements (paired gold+capsid, ImageJ). Length in nm in source."
VLP_100_v2_initial,27,12.47,29.59,Lily,2026-05-01,results/vlp100/VLP_100_hand_measurements.csv,"Aggregate VLP_100 hand measurements (paired gold+capsid, ImageJ). Length in nm in source."
VLP_100_v2_initial,28,10.492,28.373,Lily,2026-05-01,results/vlp100/VLP_100_hand_measurements.csv,"Aggregate VLP_100 hand measurements (paired gold+capsid, ImageJ). Length in nm in source."
VLP_100_v2_initial,29,11.553,31.269,Lily,2026-05-01,results/vlp100/VLP_100_hand_measurements.csv,"Aggregate VLP_100 hand measurements (paired gold+capsid, ImageJ). Length in nm in source."
VLP_100_v2_initial,30,11.642,29.862,Lily,2026-05-01,results/vlp100/VLP_100_hand_measurements.csv,"Aggregate VLP_100 hand measurements (paired gold+capsid, ImageJ). Length in nm in source."
VLP_100_v2_initial,31,11.553,30.97,Lily,2026-05-01,results/vlp100/VLP_100_hand_measurements.csv,"Aggregate VLP_100 hand measurements (paired gold+capsid, ImageJ). Length in nm in source."
VLP_100_v2_initial,32,11.876,29.683,Lily,2026-05-01,results/vlp100/VLP_100_hand_measurements.csv,"Aggregate VLP_100 hand measurements (paired gold+capsid, ImageJ). Length in nm in source."
VLP_100_v2_initial,33,11.876,29.677,Lily,2026-05-01,results/vlp100/VLP_100_hand_measurements.csv,"Aggregate VLP_100 hand measurements (paired gold+capsid, ImageJ). Length in nm in source."
VLP_100_v2_initial,34,11.789,26.917,Lily,2026-05-01,results/vlp100/VLP_100_hand_measurements.csv,"Aggregate VLP_100 hand measurements (paired gold+capsid, ImageJ). Length in nm in source."
VLP_100_v2_initial,35,9.971,28.74,Lily,2026-05-01,results/vlp100/VLP_100_hand_measurements.csv,"Aggregate VLP_100 hand measurements (paired gold+capsid, ImageJ). Length in nm in source."
VLP_100_v2_initial,36,11.745,31.092,Lily,2026-05-01,results/vlp100/VLP_100_hand_measurements.csv,"Aggregate VLP_100 hand measurements (paired gold+capsid, ImageJ). Length in nm in source."
VLP_100_v2_initial,37,12.331,29.168,Lily,2026-05-01,results/vlp100/VLP_100_hand_measurements.csv,"Aggregate VLP_100 hand measurements (paired gold+capsid, ImageJ). Length in nm in source."
VLP_100_v2_initial,38,11.067,27.386,Lily,2026-05-01,results/vlp100/VLP_100_hand_measurements.csv,"Aggregate VLP_100 hand measurements (paired gold+capsid, ImageJ). Length in nm in source."
VLP_100_v2_initial,39,11.389,28.184,Lily,2026-05-01,results/vlp100/VLP_100_hand_measurements.csv,"Aggregate VLP_100 hand measurements (paired gold+capsid, ImageJ). Length in nm in source."
VLP_100_v2_initial,40,11.963,28.937,Lily,2026-05-01,results/vlp100/VLP_100_hand_measurements.csv,"Aggregate VLP_100 hand measurements (paired gold+capsid, ImageJ). Length in nm in source."
VLP_100_v2_initial,41,11.067,26.498,Lily,2026-05-01,results/vlp100/VLP_100_hand_measurements.csv,"Aggregate VLP_100 hand measurements (paired gold+capsid, ImageJ). Length in nm in source."
VLP_100_v2_initial,42,11.731,29.683,Lily,2026-05-01,results/vlp100/VLP_100_hand_measurements.csv,"Aggregate VLP_100 hand measurements (paired gold+capsid, ImageJ). Length in nm in source."
VLP_100_v2_initial,43,9.62,27.486,Lily,2026-05-01,results/vlp100/VLP_100_hand_measurements.csv,"Aggregate VLP_100 hand measurements (paired gold+capsid, ImageJ). Length in nm in source."
VLP_100_v2_initial,44,9.954,26.595,Lily,2026-05-01,results/vlp100/VLP_100_hand_measurements.csv,"Aggregate VLP_100 hand measurements (paired gold+capsid, ImageJ). Length in nm in source."
VLP_100_v2_initial,45,12.247,28.373,Lily,2026-05-01,results/vlp100/VLP_100_hand_measurements.csv,"Aggregate VLP_100 hand measurements (paired gold+capsid, ImageJ). Length in nm in source."
VLP_100_v2_initial,46,12.689,28.203,Lily,2026-05-01,results/vlp100/VLP_100_hand_measurements.csv,"Aggregate VLP_100 hand measurements (paired gold+capsid, ImageJ). Length in nm in source."
VLP_100_v2_initial,47,11.129,29.959,Lily,2026-05-01,results/vlp100/VLP_100_hand_measurements.csv,"Aggregate VLP_100 hand measurements (paired gold+capsid, ImageJ). Length in nm in source."
VLP_100_v2_initial,48,11.731,26.544,Lily,2026-05-01,results/vlp100/VLP_100_hand_measurements.csv,"Aggregate VLP_100 hand measurements (paired gold+capsid, ImageJ). Length in nm in source."
VLP_100_v2_initial,49,9.106,30.5,Lily,2026-05-01,results/vlp100/VLP_100_hand_measurements.csv,"Aggregate VLP_100 hand measurements (paired gold+capsid, ImageJ). Length in nm in source."
VLP_100_v2_initial,50,8.798,26.544,Lily,2026-05-01,results/vlp100/VLP_100_hand_measurements.csv,"Aggregate VLP_100 hand measurements (paired gold+capsid, ImageJ). Length in nm in source."
VLP_100_v2_initial,51,11.524,28.312,Lily,2026-05-01,results/vlp100/VLP_100_hand_measurements.csv,"Aggregate VLP_100 hand measurements (paired gold+capsid, ImageJ). Length in nm in source."
VLP_100_v2_initial,52,11.067,29.677,Lily,2026-05-01,results/vlp100/VLP_100_hand_measurements.csv,"Aggregate VLP_100 hand measurements (paired gold+capsid, ImageJ). Length in nm in source."
VLP_100_v2_initial,53,12.552,30.148,Lily,2026-05-01,results/vlp100/VLP_100_hand_measurements.csv,"Aggregate VLP_100 hand measurements (paired gold+capsid, ImageJ). Length in nm in source."
VLP_100_v2_initial,54,14.101,34.201,Lily,2026-05-01,results/vlp100/VLP_100_hand_measurements.csv,"Aggregate VLP_100 hand measurements (paired gold+capsid, ImageJ). Length in nm in source."
VLP_100_v2_initial,55,8.17,29.913,Lily,2026-05-01,results/vlp100/VLP_100_hand_measurements.csv,"Aggregate VLP_100 hand measurements (paired gold+capsid, ImageJ). Length in nm in source."
VLP_100_v2_initial,56,11.129,27.285,Lily,2026-05-01,results/vlp100/VLP_100_hand_measurements.csv,"Aggregate VLP_100 hand measurements (paired gold+capsid, ImageJ). Length in nm in source."
VLP_100_v2_initial,57,13.805,30.5,Lily,2026-05-01,results/vlp100/VLP_100_hand_measurements.csv,"Aggregate VLP_100 hand measurements (paired gold+capsid, ImageJ). Length in nm in source."
VLP_100_v2_initial,58,11.963,28.644,Lily,2026-05-01,results/vlp100/VLP_100_hand_measurements.csv,"Aggregate VLP_100 hand measurements (paired gold+capsid, ImageJ). Length in nm in source."
VLP_100_v2_initial,59,12.442,29.121,Lily,2026-05-01,results/vlp100/VLP_100_hand_measurements.csv,"Aggregate VLP_100 hand measurements (paired gold+capsid, ImageJ). Length in nm in source."
VLP_100_v2_initial,60,14.51,32.53,Lily,2026-05-01,results/vlp100/VLP_100_hand_measurements.csv,"Aggregate VLP_100 hand measurements (paired gold+capsid, ImageJ). Length in nm in source."
VLP_100_v2_initial,61,10.492,28.373,Lily,2026-05-01,results/vlp100/VLP_100_hand_measurements.csv,"Aggregate VLP_100 hand measurements (paired gold+capsid, ImageJ). Length in nm in source."
VLP_100_v2_initial,62,10.767,28.068,Lily,2026-05-01,results/vlp100/VLP_100_hand_measurements.csv,"Aggregate VLP_100 hand measurements (paired gold+capsid, ImageJ). Length in nm in source."
VLP_100_v2_initial,63,9.458,26.859,Lily,2026-05-01,results/vlp100/VLP_100_hand_measurements.csv,"Aggregate VLP_100 hand measurements (paired gold+capsid, ImageJ). Length in nm in source."
VLP_100_v2_initial,64,10.443,28.251,Lily,2026-05-01,results/vlp100/VLP_100_hand_measurements.csv,"Aggregate VLP_100 hand measurements (paired gold+capsid, ImageJ). Length in nm in source."
VLP_100_v2_initial,65,11.267,29.121,Lily,2026-05-01,results/vlp100/VLP_100_hand_measurements.csv,"Aggregate VLP_100 hand measurements (paired gold+capsid, ImageJ). Length in nm in source."
VLP_100_v2_initial,66,13.805,29.456,Lily,2026-05-01,results/vlp100/VLP_100_hand_measurements.csv,"Aggregate VLP_100 hand measurements (paired gold+capsid, ImageJ). Length in nm in source."
VLP_100_v2_initial,67,11.282,29.537,Lily,2026-05-01,results/vlp100/VLP_100_hand_measurements.csv,"Aggregate VLP_100 hand measurements (paired gold+capsid, ImageJ). Length in nm in source."
VLP_100_v2_initial,68,9.458,30.097,Lily,2026-05-01,results/vlp100/VLP_100_hand_measurements.csv,"Aggregate VLP_100 hand measurements (paired gold+capsid, ImageJ). Length in nm in source."
VLP_100_v2_initial,69,13.401,29.397,Lily,2026-05-01,results/vlp100/VLP_100_hand_measurements.csv,"Aggregate VLP_100 hand measurements (paired gold+capsid, ImageJ). Length in nm in source."
VLP_100_v2_initial,70,12.429,29.496,Lily,2026-05-01,results/vlp100/VLP_100_hand_measurements.csv,"Aggregate VLP_100 hand measurements (paired gold+capsid, ImageJ). Length in nm in source."
VLP_100_v2_initial,71,11.389,26.866,Lily,2026-05-01,results/vlp100/VLP_100_hand_measurements.csv,"Aggregate VLP_100 hand measurements (paired gold+capsid, ImageJ). Length in nm in source."
VLP_100_v2_initial,72,10.26,30.618,Lily,2026-05-01,results/vlp100/VLP_100_hand_measurements.csv,"Aggregate VLP_100 hand measurements (paired gold+capsid, ImageJ). Length in nm in source."
VLP_100_v2_initial,73,10.558,26.981,Lily,2026-05-01,results/vlp100/VLP_100_hand_measurements.csv,"Aggregate VLP_100 hand measurements (paired gold+capsid, ImageJ). Length in nm in source."
VLP_100_v2_initial,74,13.023,28.86,Lily,2026-05-01,results/vlp100/VLP_100_hand_measurements.csv,"Aggregate VLP_100 hand measurements (paired gold+capsid, ImageJ). Length in nm in source."
VLP_100_v2_initial,75,10.957,27.642,Lily,2026-05-01,results/vlp100/VLP_100_hand_measurements.csv,"Aggregate VLP_100 hand measurements (paired gold+capsid, ImageJ). Length in nm in source."
VLP_100_v2_initial,76,11.876,29.327,Lily,2026-05-01,results/vlp100/VLP_100_hand_measurements.csv,"Aggregate VLP_100 hand measurements (paired gold+capsid, ImageJ). Length in nm in source."
VLP_100_v2_initial,77,12.331,26.505,Lily,2026-05-01,results/vlp100/VLP_100_hand_measurements.csv,"Aggregate VLP_100 hand measurements (paired gold+capsid, ImageJ). Length in nm in source."
VLP_100_v2_initial,78,10.377,26.987,Lily,2026-05-01,results/vlp100/VLP_100_hand_measurements.csv,"Aggregate VLP_100 hand measurements (paired gold+capsid, ImageJ). Length in nm in source."
VLP_100_v2_initial,79,10.243,27.884,Lily,2026-05-01,results/vlp100/VLP_100_hand_measurements.csv,"Aggregate VLP_100 hand measurements (paired gold+capsid, ImageJ). Length in nm in source."
VLP_100_v2_initial,80,10.91,28.638,Lily,2026-05-01,results/vlp100/VLP_100_hand_measurements.csv,"Aggregate VLP_100 hand measurements (paired gold+capsid, ImageJ). Length in nm in source."
VLP_100_v2_initial,81,10.377,27.982,Lily,2026-05-01,results/vlp100/VLP_100_hand_measurements.csv,"Aggregate VLP_100 hand measurements (paired gold+capsid, ImageJ). Length in nm in source."
VLP_100_v2_initial,82,10.574,28.638,Lily,2026-05-01,results/vlp100/VLP_100_hand_measurements.csv,"Aggregate VLP_100 hand measurements (paired gold+capsid, ImageJ). Length in nm in source."
VLP_100_v2_initial,83,11.862,30.601,Lily,2026-05-01,results/vlp100/VLP_100_hand_measurements.csv,"Aggregate VLP_100 hand measurements (paired gold+capsid, ImageJ). Length in nm in source."
VLP_100_v2_initial,84,11.02,32.276,Lily,2026-05-01,results/vlp100/VLP_100_hand_measurements.csv,"Aggregate VLP_100 hand measurements (paired gold+capsid, ImageJ). Length in nm in source."
VLP_100_v2_initial,85,11.963,28.644,Lily,2026-05-01,results/vlp100/VLP_100_hand_measurements.csv,"Aggregate VLP_100 hand measurements (paired gold+capsid, ImageJ). Length in nm in source."
VLP_100_v2_initial,86,14.319,28.602,Lily,2026-05-01,results/vlp100/VLP_100_hand_measurements.csv,"Aggregate VLP_100 hand measurements (paired gold+capsid, ImageJ). Length in nm in source."
VLP_100_v2_initial,87,9.458,28.452,Lily,2026-05-01,results/vlp100/VLP_100_hand_measurements.csv,"Aggregate VLP_100 hand measurements (paired gold+capsid, ImageJ). Length in nm in source."
VLP_100_v2_initial,88,9.181,28.087,Lily,2026-05-01,results/vlp100/VLP_100_hand_measurements.csv,"Aggregate VLP_100 hand measurements (paired gold+capsid, ImageJ). Length in nm in source."
VLP_100_v2_initial,89,9.971,26.75,Lily,2026-05-01,results/vlp100/VLP_100_hand_measurements.csv,"Aggregate VLP_100 hand measurements (paired gold+capsid, ImageJ). Length in nm in source."
VLP_100_v2_initial,90,11.642,32.003,Lily,2026-05-01,results/vlp100/VLP_100_hand_measurements.csv,"Aggregate VLP_100 hand measurements (paired gold+capsid, ImageJ). Length in nm in source."
VLP_100_v2_initial,91,11.804,28.602,Lily,2026-05-01,results/vlp100/VLP_100_hand_measurements.csv,"Aggregate VLP_100 hand measurements (paired gold+capsid, ImageJ). Length in nm in source."
VLP_100_v2_initial,92,12.634,28.397,Lily,2026-05-01,results/vlp100/VLP_100_hand_measurements.csv,"Aggregate VLP_100 hand measurements (paired gold+capsid, ImageJ). Length in nm in source."
VLP_100_v2_initial,93,11.267,27.81,Lily,2026-05-01,results/vlp100/VLP_100_hand_measurements.csv,"Aggregate VLP_100 hand measurements (paired gold+capsid, ImageJ). Length in nm in source."
VLP_100_v2_initial,94,10.26,28.65,Lily,2026-05-01,results/vlp100/VLP_100_hand_measurements.csv,"Aggregate VLP_100 hand measurements (paired gold+capsid, ImageJ). Length in nm in source."
VLP_100_v2_initial,95,13.181,28.596,Lily,2026-05-01,results/vlp100/VLP_100_hand_measurements.csv,"Aggregate VLP_100 hand measurements (paired gold+capsid, ImageJ). Length in nm in source."
VLP_100_v2_initial,96,11.745,29.333,Lily,2026-05-01,results/vlp100/VLP_100_hand_measurements.csv,"Aggregate VLP_100 hand measurements (paired gold+capsid, ImageJ). Length in nm in source."
VLP_100_v2_initial,97,12.429,30.97,Lily,2026-05-01,results/vlp100/VLP_100_hand_measurements.csv,"Aggregate VLP_100 hand measurements (paired gold+capsid, ImageJ). Length in nm in source."
VLP_100_v2_initial,98,12.634,29.192,Lily,2026-05-01,results/vlp100/VLP_100_hand_measurements.csv,"Aggregate VLP_100 hand measurements (paired gold+capsid, ImageJ). Length in nm in source."
VLP_100_v2_initial,99,10.574,27.623,Lily,2026-05-01,results/vlp100/VLP_100_hand_measurements.csv,"Aggregate VLP_100 hand measurements (paired gold+capsid, ImageJ). Length in nm in source."
VLP_100_v2_initial,100,11.731,26.524,Lily,2026-05-01,results/vlp100/VLP_100_hand_measurements.csv,"Aggregate VLP_100 hand measurements (paired gold+capsid, ImageJ). Length in nm in source."
VLP_100_v2_initial,101,7.978,26.557,Lily,2026-05-01,results/vlp100/VLP_100_hand_measurements.csv,"Aggregate VLP_100 hand measurements (paired gold+capsid, ImageJ). Length in nm in source."
VLP_100_v2_initial,102,11.282,25.391,Lily,2026-05-01,results/vlp100/VLP_100_hand_measurements.csv,"Aggregate VLP_100 hand measurements (paired gold+capsid, ImageJ). Length in nm in source."
VLP_100_v2_initial,103,10.558,25.221,Lily,2026-05-01,results/vlp100/VLP_100_hand_measurements.csv,"Aggregate VLP_100 hand measurements (paired gold+capsid, ImageJ). Length in nm in source."
VLP_100_v2_initial,104,10.443,28.203,Lily,2026-05-01,results/vlp100/VLP_100_hand_measurements.csv,"Aggregate VLP_100 hand measurements (paired gold+capsid, ImageJ). Length in nm in source."
VLP_100_v2_initial,105,11.129,25.057,Lily,2026-05-01,results/vlp100/VLP_100_hand_measurements.csv,"Aggregate VLP_100 hand measurements (paired gold+capsid, ImageJ). Length in nm in source."
VLP_100_v2_initial,106,12.092,25.553,Lily,2026-05-01,results/vlp100/VLP_100_hand_measurements.csv,"Aggregate VLP_100 hand measurements (paired gold+capsid, ImageJ). Length in nm in source."
VLP_100_v2_initial,107,12.247,26.911,Lily,2026-05-01,results/vlp100/VLP_100_hand_measurements.csv,"Aggregate VLP_100 hand measurements (paired gold+capsid, ImageJ). Length in nm in source."
VLP_100_v2_initial,108,12.594,25.465,Lily,2026-05-01,results/vlp100/VLP_100_hand_measurements.csv,"Aggregate VLP_100 hand measurements (paired gold+capsid, ImageJ). Length in nm in source."
VLP_100_v2_initial,109,11.144,30.5,Lily,2026-05-01,results/vlp100/VLP_100_hand_measurements.csv,"Aggregate VLP_100 hand measurements (paired gold+capsid, ImageJ). Length in nm in source."
VLP_100_v2_initial,110,11.963,26.712,Lily,2026-05-01,results/vlp100/VLP_100_hand_measurements.csv,"Aggregate VLP_100 hand measurements (paired gold+capsid, ImageJ). Length in nm in source."
VLP_100_v2_initial,111,14.379,27.083,Lily,2026-05-01,results/vlp100/VLP_100_hand_measurements.csv,"Aggregate VLP_100 hand measurements (paired gold+capsid, ImageJ). Length in nm in source."
VLP_100_v2_initial,112,10.443,25.303,Lily,2026-05-01,results/vlp100/VLP_100_hand_measurements.csv,"Aggregate VLP_100 hand measurements (paired gold+capsid, ImageJ). Length in nm in source."
VLP_100_v2_initial,113,10.623,26.394,Lily,2026-05-01,results/vlp100/VLP_100_hand_measurements.csv,"Aggregate VLP_100 hand measurements (paired gold+capsid, ImageJ). Length in nm in source."
VLP_100_v2_initial,114,9.124,24.473,Lily,2026-05-01,results/vlp100/VLP_100_hand_measurements.csv,"Aggregate VLP_100 hand measurements (paired gold+capsid, ImageJ). Length in nm in source."
VLP_100_v2_initial,115,10.957,29.168,Lily,2026-05-01,results/vlp100/VLP_100_hand_measurements.csv,"Aggregate VLP_100 hand measurements (paired gold+capsid, ImageJ). Length in nm in source."
VLP_100_v2_initial,116,9.832,28.068,Lily,2026-05-01,results/vlp100/VLP_100_hand_measurements.csv,"Aggregate VLP_100 hand measurements (paired gold+capsid, ImageJ). Length in nm in source."
VLP_100_v2_initial,117,11.963,24.509,Lily,2026-05-01,results/vlp100/VLP_100_hand_measurements.csv,"Aggregate VLP_100 hand measurements (paired gold+capsid, ImageJ). Length in nm in source."
VLP_100_v2_initial,118,10.574,26.757,Lily,2026-05-01,results/vlp100/VLP_100_hand_measurements.csv,"Aggregate VLP_100 hand measurements (paired gold+capsid, ImageJ). Length in nm in source."
VLP_100_v2_initial,119,10.492,24.077,Lily,2026-05-01,results/vlp100/VLP_100_hand_measurements.csv,"Aggregate VLP_100 hand measurements (paired gold+capsid, ImageJ). Length in nm in source."
VLP_100_v2_initial,120,11.862,25.411,Lily,2026-05-01,results/vlp100/VLP_100_hand_measurements.csv,"Aggregate VLP_100 hand measurements (paired gold+capsid, ImageJ). Length in nm in source."
VLP_100_v2_initial,121,9.162,24.642,Lily,2026-05-01,results/vlp100/VLP_100_hand_measurements.csv,"Aggregate VLP_100 hand measurements (paired gold+capsid, ImageJ). Length in nm in source."
VLP_100_v2_initial,122,11.02,29.977,Lily,2026-05-01,results/vlp100/VLP_100_hand_measurements.csv,"Aggregate VLP_100 hand measurements (paired gold+capsid, ImageJ). Length in nm in source."
VLP_100_v2_initial,123,8.798,22.412,Lily,2026-05-01,results/vlp100/VLP_100_hand_measurements.csv,"Aggregate VLP_100 hand measurements (paired gold+capsid, ImageJ). Length in nm in source."
VLP_100_v2_initial,124,9.274,24.885,Lily,2026-05-01,results/vlp100/VLP_100_hand_measurements.csv,"Aggregate VLP_100 hand measurements (paired gold+capsid, ImageJ). Length in nm in source."
VLP_100_v2_initial,125,9.403,28.542,Lily,2026-05-01,results/vlp100/VLP_100_hand_measurements.csv,"Aggregate VLP_100 hand measurements (paired gold+capsid, ImageJ). Length in nm in source."
VLP_100_v2_initial,126,10.04,28.452,Lily,2026-05-01,results/vlp100/VLP_100_hand_measurements.csv,"Aggregate VLP_100 hand measurements (paired gold+capsid, ImageJ). Length in nm in source."
VLP_100_v2_initial,127,12.078,23.226,Lily,2026-05-01,results/vlp100/VLP_100_hand_measurements.csv,"Aggregate VLP_100 hand measurements (paired gold+capsid, ImageJ). Length in nm in source."
VLP_100_v2_initial,128,12.092,23.644,Lily,2026-05-01,results/vlp100/VLP_100_hand_measurements.csv,"Aggregate VLP_100 hand measurements (paired gold+capsid, ImageJ). Length in nm in source."
VLP_100_v2_initial,129,12.47,26.987,Lily,2026-05-01,results/vlp100/VLP_100_hand_measurements.csv,"Aggregate VLP_100 hand measurements (paired gold+capsid, ImageJ). Length in nm in source."
VLP_100_v2_initial,130,10.443,26.047,Lily,2026-05-01,results/vlp100/VLP_100_hand_measurements.csv,"Aggregate VLP_100 hand measurements (paired gold+capsid, ImageJ). Length in nm in source."
VLP_100_v2_initial,131,11.067,23.876,Lily,2026-05-01,results/vlp100/VLP_100_hand_measurements.csv,"Aggregate VLP_100 hand measurements (paired gold+capsid, ImageJ). Length in nm in source."
VLP_100_v2_initial,132,12.957,30.376,Lily,2026-05-01,results/vlp100/VLP_100_hand_measurements.csv,"Aggregate VLP_100 hand measurements (paired gold+capsid, ImageJ). Length in nm in source."
VLP_100_v2_initial,133,12.092,27.038,Lily,2026-05-01,results/vlp100/VLP_100_hand_measurements.csv,"Aggregate VLP_100 hand measurements (paired gold+capsid, ImageJ). Length in nm in source."
VLP_100_v2_initial,134,12.864,23.462,Lily,2026-05-01,results/vlp100/VLP_100_hand_measurements.csv,"Aggregate VLP_100 hand measurements (paired gold+capsid, ImageJ). Length in nm in source."
VLP_100_v2_initial,135,13.233,25.707,Lily,2026-05-01,results/vlp100/VLP_100_hand_measurements.csv,"Aggregate VLP_100 hand measurements (paired gold+capsid, ImageJ). Length in nm in source."
